[
  {
    "reservation_number": 1,
    "start_date": "2024-05-15T00:00:00",
    "duration_in_days": 3,
    "room_style": "suite",
    "status": "checked_out",
    "checkin": "2024-05-15T14:00:00",
    "checkout": "2024-05-18T09:00:00",
    "customer": 1,
    "room": 1101,
    "total_amount": 1648350.0,
    "promotion_details": ["Membership discount (bronze): -1650.00"],
    "notifications": [
      {
        "description": "Roomservice",
        "cost": 50000
      },
      {
        "description": "selfbar",
        "cost": 30000
      }
    ]
  },

  {
    "reservation_number": 2,
    "start_date": "2024-06-20T00:00:00",
    "duration_in_days": 2,
    "room_style": "suite",
    "status": "canceled",
    "checkin": "",
    "checkout": "",
    "customer": 1,
    "room": "",
    "total_amount": "",
    "promotion_details": [""],
    "notifications": []
  },

  {
    "reservation_number": 3,
    "start_date": "2024-06-04T00:00:00",
    "duration_in_days": 2,
    "room_style": "deluxe",
    "status": "confirmed",
    "checkin": "",
    "checkout": "",
    "customer": 1,
    "room": 901,
    "total_amount": "",
    "promotion_details": [""],
    "notifications": []
  }
]
